Claimant count by sex and age,,,,,,,,,,,,,,,,,,,,,,,,
ONS Crown Copyright Reserved [from Nomis on 7 January 2023],,,,,,,,,,,,,,,,,,,,,,,,
Analysis   :,standard,,,,,,,,,,,,,,,,,,,,,,,
Gender     :,Total,,,,,,,,,,,,,,,,,,,,,,,
Age        :,All categories: Age 16+,,,,,,,,,,,,,,,,,,,,,,,
measure    :,Claimant count,,,,,,,,,,,,,,,,,,,,,,,
,,,,,,,,,,,,,,,,,,,,,,,,
local authority: district / unitary (as of April 2021),mnemonic,Jan-00,Jan-01,Jan-02,Jan-03,Jan-04,Jan-05,Jan-06,Jan-07,Jan-08,Jan-09,Jan-10,Jan-11,Jan-12,Jan-13,Jan-14,Jan-15,Jan-16,Jan-17,Jan-18,Jan-19,Jan-20,Jan-21,Jan-22
,,,,,,,,,,,,,,,,,,,,,,,,
Darlington,E06000005,2990,2605,2370,2185,1925,1760,1855,1950,1825,2840,3390,3175,3755,3825,2940,2000,1945,2255,2290,2650,3020,4485,3210
County Durham,E06000047,11625,10825,9290,8295,7575,6490,7405,7595,6930,13080,15000,13165,15820,16390,12250,7920,7225,8065,8860,12450,12740,19925,13925
Hartlepool,E06000001,4095,3105,3025,2740,2665,2280,2405,2640,2400,3295,4365,4315,4635,4840,3960,2580,2760,2635,3890,3965,3395,4860,3510
Middlesbrough,E06000002,6715,6110,5525,5140,4550,3970,4035,4520,4245,5545,7030,7020,7490,7855,6230,4195,4370,4365,4135,4365,5295,8815,6555
Northumberland,E06000057,7795,6810,6120,5790,5255,4755,5215,5435,4845,7165,8275,7715,8425,9115,6945,5035,4685,4815,5010,5135,6455,10940,7500
Redcar and Cleveland,E06000003,4925,4650,4305,3645,3330,2945,3255,3425,3245,4395,5595,5655,5855,5990,4585,3445,3660,3340,2985,2875,3720,5665,3935
Stockton-on-Tees,E06000004,6885,5680,5385,4665,4540,3380,3770,4165,3710,5535,7115,6545,7225,7370,6085,4305,3980,4075,3915,4600,5170,8035,5700
Gateshead,E08000037,5245,4495,4630,4065,3720,3615,3535,3765,3450,5455,6455,5885,6740,6855,5330,3885,3235,3590,3910,5270,5590,9255,6410
Newcastle upon Tyne,E08000021,9450,8120,7215,6930,6110,5435,5760,6160,5770,7910,9475,8725,9950,9945,8285,5550,5055,5750,7600,8670,9050,15105,10855
North Tyneside,E08000022,5980,5275,4880,4360,3980,3770,3700,3910,3665,5345,6355,6050,6575,6460,4875,3395,3220,3340,3395,4310,4615,7960,5355
South Tyneside,E08000023,6525,5900,5975,5315,4695,4435,4215,4745,4285,5935,6920,6045,7225,7580,5825,4305,4300,4230,4245,5230,5630,8265,5985
Sunderland,E08000024,9535,8655,7870,7140,6365,5340,5940,6390,5995,9160,10795,9645,10835,10525,7995,5885,5245,5680,5570,7405,8500,13110,9635
Blackburn with Darwen,E06000008,3640,3020,2850,2495,2305,2225,2620,2660,2390,3575,4315,3775,4440,4365,3450,2470,2580,2440,2815,3970,4480,7475,5620
Blackpool,E06000009,4180,4020,3815,3465,3080,2870,3320,3520,3190,4220,5255,5325,6405,6225,5095,3595,3460,3620,4015,4185,5980,10240,7090
Cheshire East,E06000049,4225,3390,3415,3100,2935,2300,3020,3190,2930,5405,6870,5750,6205,5665,4475,2690,2520,2450,3030,3845,4430,10165,6345
Cheshire West and Chester,E06000050,4630,4115,3850,3635,3300,2735,3815,3895,3590,5935,7235,6595,7295,6825,4955,2915,2755,2850,3360,4885,5240,10280,6540
Halton,E06000006,3730,3180,3000,3215,2555,2180,2635,2710,2370,3920,4880,4285,4530,4295,3295,2185,2180,2285,2755,3220,3100,5345,3680
Warrington,E06000007,2820,2770,2500,2415,2120,1515,2205,2455,2155,4095,4960,4105,4930,4630,3740,2605,2195,1985,2760,3220,3215,6420,4335
Allerdale,E07000026,2310,2015,2075,1715,1400,1235,1395,1255,1060,1640,1905,1890,2125,2030,1540,1175,1105,1115,1470,1600,1625,2685,1715
Barrow-in-Furness,E07000027,1945,1565,1515,1325,1340,1300,1350,1245,1100,1350,1685,1595,1985,1845,1465,1235,1170,1115,1030,995,1295,2070,1525
Carlisle,E07000028,2055,1990,1765,1575,1315,1230,1445,1410,1145,1825,2115,1940,2280,2225,1490,940,910,860,985,1265,1620,3115,2255
Copeland,E07000029,2080,2025,1940,1640,1440,1250,1320,1170,1090,1420,1600,1660,1745,1575,1165,925,925,960,1185,1245,1235,1850,1250
Eden,E07000030,425,410,335,295,230,210,225,270,220,390,575,430,485,410,330,200,240,215,245,340,465,1035,640
South Lakeland,E07000031,1040,840,705,720,665,530,525,520,395,735,910,850,995,900,655,420,370,360,370,420,645,1865,1105
Bolton,E08000001,5445,4865,4895,4505,4055,3705,4585,4605,4355,6660,8635,7600,8630,8615,7470,5295,4995,5180,5620,5680,7900,14525,10895
Bury,E08000002,2395,2080,2190,2150,2075,2005,2260,2400,2295,3695,4935,4195,4910,4850,3880,2645,2770,2650,2795,3410,4085,7985,5690
Manchester,E08000003,15670,13500,13800,13895,12700,10580,11200,11710,10570,14555,18790,17615,19975,20180,16125,10515,10220,9600,9700,14190,16390,34110,25485
Oldham,E08000004,4900,4220,4335,4135,3565,3195,3405,4070,3895,5655,7580,6795,8115,8055,5935,3995,4115,3915,5390,6095,6700,13710,10400
Rochdale,E08000005,4805,4095,4045,4060,3580,3365,3955,4060,3870,6085,7795,7030,8000,7565,5420,3255,3685,3825,3865,5125,5840,11400,9100
Salford,E08000006,4620,4055,3895,3960,3750,3495,3905,4280,3825,5925,8225,7120,8405,8365,6400,4030,4290,4225,4360,5445,6685,13925,10030
Stockport,E08000007,3895,3175,3130,3080,2990,2380,2770,3055,2985,5020,6810,5765,6400,6005,5105,3380,3420,3185,3355,3520,4950,10220,6955
Tameside,E08000008,4295,3415,3430,3370,3130,2845,3150,3475,3270,5380,7205,6065,7330,7140,5540,3585,3650,3630,3725,5120,5515,10995,7450
Trafford,E08000009,3340,3015,2910,2695,2485,2195,2340,2650,2210,3725,4880,4325,4850,4620,3530,2320,2315,2255,2615,3275,3415,7425,4865
Wigan,E08000010,6100,5455,5015,4985,4590,4245,5195,5350,4675,7980,10160,8755,9625,9810,7640,4955,5035,5175,5295,6910,7460,13015,9080
Burnley,E07000117,1435,1295,1225,1200,980,1010,1290,1400,1395,2170,2595,2350,2790,2730,2135,1490,1510,1650,2340,2710,2845,4735,3385
Chorley,E07000118,1440,1170,1120,1110,900,840,1010,1140,1080,1865,2070,1670,1975,1840,1430,890,995,1100,1135,1355,1615,3065,2120
Fylde,E07000119,610,570,600,475,490,435,505,555,495,770,1090,930,1085,1050,985,625,595,680,660,680,1070,2405,1550
Hyndburn,E07000120,1130,1050,1050,1090,965,1015,1150,1065,1110,1755,2185,1840,2025,1980,1500,1030,1145,1215,1360,1865,2140,3900,2895
Lancaster,E07000121,3215,2820,2525,2515,2165,1805,1865,2120,1625,2425,2900,2600,3050,2820,2415,1645,1670,1945,2395,2635,2865,4750,3320
Pendle,E07000122,1490,1455,1305,1235,1025,920,1070,1275,1025,1810,2170,1895,2260,2010,1560,1000,1170,1095,1155,1295,1995,4000,3005
Preston,E07000123,2880,2590,2505,2315,2225,2145,2295,2220,2105,2915,3660,3155,3660,3300,2695,1960,1875,1885,2125,2660,3345,6080,4470
Ribble Valley,E07000124,310,270,260,240,220,225,235,265,245,440,550,450,560,510,380,245,260,215,290,305,435,1105,710
Rossendale,E07000125,925,815,775,705,615,640,705,720,725,1470,1670,1360,1710,1525,1135,830,875,830,930,1020,1410,2785,1980
South Ribble,E07000126,1125,950,885,875,820,745,975,960,900,1645,1860,1505,1695,1615,1220,785,790,845,935,1035,1270,2645,1660
West Lancashire,E07000127,2460,2055,2040,1990,1790,1660,1755,1830,1575,2350,2950,2385,2550,2360,1795,1050,1310,1255,1185,1620,1735,3465,2395
Wyre,E07000128,1460,1375,1290,1070,1005,900,955,970,855,1345,1595,1430,1825,1725,1380,985,970,1050,1040,1115,1710,3700,2300
Knowsley,E08000011,6270,5570,5085,4485,3895,3650,4060,4200,3950,5490,6380,5930,6550,6010,4710,3235,3070,2905,3130,3885,4305,7910,5380
Liverpool,E08000012,20200,18140,16585,15950,14735,14415,15785,16275,14805,18840,21930,20385,21665,20350,17180,11785,11000,10615,11270,11810,15315,28725,21245
Sefton,E08000014,7845,6710,6145,5610,4995,4390,4910,5260,5190,7070,8850,8425,9035,8570,6555,4615,4365,4045,4515,5975,6135,11105,7645
St. Helens,E08000013,4730,4390,4000,3885,3265,2800,3135,3310,3235,4955,5800,5210,5820,5655,4570,3350,3110,2955,2955,3820,4105,7330,5095
Wirral,E08000015,10005,8785,7760,7030,6315,5855,6705,7320,6355,8495,10355,8575,9195,8290,6710,4800,4105,3855,4325,6480,6840,12050,8200
East Riding of Yorkshire,E06000011,5995,5645,5140,4635,4690,3780,4180,4220,3470,6120,7475,6630,7530,7085,5415,3735,3230,2955,3010,3725,4455,8575,5715
"Kingston upon Hull, City of",E06000010,10745,10140,9330,9040,8390,7600,9140,9130,7940,12280,15005,13655,15515,15405,12095,8490,7070,6215,6300,6875,9500,15985,12195
North East Lincolnshire,E06000012,5830,5390,4715,4125,3890,3685,4015,3725,3465,4890,6850,6285,7085,6600,5385,4045,3600,3415,3310,4240,4105,6485,4695
North Lincolnshire,E06000013,3130,3280,2915,2620,2350,2135,2640,2665,2375,4200,5220,4500,5235,4935,3800,2785,2555,2350,2410,3195,3430,5885,4130
York,E06000014,2785,2395,2120,1910,1995,1570,1910,2040,1770,3030,4100,3515,3605,3040,2185,1215,1010,935,1400,1675,1780,4595,2820
Craven,E07000163,495,505,390,325,285,260,320,365,315,535,775,690,755,680,480,340,235,305,445,445,415,1040,630
Hambleton,E07000164,975,820,730,685,590,470,560,640,580,960,1220,1095,1145,965,720,480,425,510,705,710,760,1635,1105
Harrogate,E07000165,1305,1050,940,990,1010,875,1130,1090,960,1600,2300,1910,2200,1565,1070,645,600,945,1295,1350,1400,3430,2080
Richmondshire,E07000166,445,375,385,380,415,320,335,395,310,560,645,650,710,600,415,185,205,320,440,460,470,955,605
Ryedale,E07000167,575,510,450,415,425,325,390,400,370,580,850,695,750,740,545,335,280,405,500,510,520,1095,695
Scarborough,E07000168,2955,2755,2515,2170,2010,1800,2055,2135,1855,2635,3435,3040,3345,3235,2460,1570,1330,1315,1210,1610,1760,3835,2320
Selby,E07000169,1210,975,905,775,855,675,850,915,735,1365,1785,1615,1710,1380,1110,810,725,655,690,765,860,2065,1440
Barnsley,E08000016,5885,4960,4065,3685,3025,2975,3700,3795,3370,6240,7735,7015,7610,7895,6080,4075,3615,3345,4275,5015,4940,9215,6575
Doncaster,E08000017,8380,6555,5805,5610,4900,5120,6165,5740,4995,8245,10725,9420,10960,10660,8640,6280,5345,5020,4945,6625,7120,13820,10095
Rotherham,E08000018,7275,5855,5160,4855,4150,3725,4540,4265,3870,6995,9100,7850,8800,8860,7390,5220,4375,4235,4250,4965,5755,11290,8415
Sheffield,E08000019,15965,13435,12145,11675,10400,8590,9445,9550,8200,12510,16915,15915,18140,17425,14380,10580,9410,9040,8940,8390,11125,22955,17370
Bradford,E08000032,13135,11970,11845,11430,9830,8375,10080,9995,8900,12680,16190,15910,19495,20000,17245,12355,9075,8970,8670,12445,16265,30890,24265
Calderdale,E08000033,4170,3765,3535,3460,2855,2455,3140,3600,3005,5165,6395,5995,6840,6845,5290,3400,2660,2650,3735,4435,4695,8750,5990
Kirklees,E08000034,8275,7010,6470,6220,5305,4765,5710,6470,5915,9650,12495,11420,12785,13165,10125,7285,5680,5655,6120,8860,9820,18035,12840
Leeds,E08000035,16360,14230,13410,13335,11885,11640,13360,13995,12415,19075,25085,23005,25310,25110,20555,15155,11955,11400,11400,12570,16945,35140,24920
Wakefield,E08000036,7120,6165,5550,5170,4755,4220,5235,5265,4330,7400,9400,8795,9640,9720,7235,4970,3980,3950,4040,4280,6420,12525,8935
Derby,E06000015,5955,5480,4935,5040,4515,4125,4725,4675,3920,5995,7805,7135,8560,7885,5410,3245,2555,2400,2830,3950,5485,11905,8435
Leicester,E06000016,8035,7940,7830,8340,9775,8140,9070,8645,7310,9915,13035,11525,12715,12475,9905,6390,4845,3760,4045,5560,7545,16945,12935
Nottingham,E06000018,10025,8435,7515,7690,6910,6445,7165,7990,7190,9765,12635,11995,14205,13920,11600,8525,7135,6745,7175,6865,9885,17415,13450
Rutland,E06000017,170,115,130,145,90,110,165,160,140,275,400,320,330,320,195,175,135,120,135,235,300,705,440
Amber Valley,E07000032,2000,1880,1590,1390,1320,1230,1440,1520,1205,2385,2920,2485,2695,2355,1520,1115,985,925,975,1430,1825,3260,2070
Bolsover,E07000033,1665,1675,1380,1135,1085,1150,1300,1285,1095,1765,2145,1785,1975,1580,1335,805,680,690,695,915,1220,2365,1555
Chesterfield,E07000034,3050,2790,2610,2075,2090,1860,2070,2045,1585,2410,3005,2630,3010,2675,2040,1480,1120,1155,1310,1850,2045,3450,2385
Derbyshire Dales,E07000035,805,705,570,505,540,450,475,490,390,690,855,795,835,665,480,275,205,230,280,370,535,1325,735
Erewash,E07000036,2110,1855,1575,1580,1445,1275,1590,1670,1440,2645,3405,2970,3250,2815,1935,1390,1235,1145,1680,1940,2060,3570,2365
High Peak,E07000037,1240,1080,955,910,945,840,915,990,930,1720,2060,1840,1980,1775,1285,860,675,610,665,830,1160,2530,1525
North East Derbyshire,E07000038,2020,2140,1750,1440,1345,1125,1325,1300,1065,1770,2225,1810,2155,1880,1450,980,715,765,770,985,1215,2535,1645
South Derbyshire,E07000039,1050,865,805,780,660,595,730,715,590,1285,1785,1290,1460,1355,920,570,360,360,460,605,1090,2575,1595
Blaby,E07000129,925,780,725,750,800,625,705,680,565,1205,1545,1245,1330,1220,865,570,475,390,445,620,840,2255,1480
Charnwood,E07000130,2200,2170,1975,1850,1785,1520,1570,1635,1435,2425,3160,2670,2725,2470,1665,1065,955,865,900,1405,1905,4435,2990
Harborough,E07000131,500,470,500,525,450,385,455,435,405,865,1110,815,960,745,495,315,270,260,420,515,665,1865,1105
Hinckley and Bosworth,E07000132,1145,1150,960,1045,980,850,940,1015,910,1625,2070,1700,1820,1640,1235,740,745,635,910,1215,1370,2870,1925
Melton,E07000133,425,370,360,340,300,310,380,395,290,680,795,645,735,730,510,335,330,295,510,630,585,1225,805
North West Leicestershire,E07000134,1080,980,860,825,785,665,865,925,730,1480,1805,1525,1755,1730,1185,755,580,445,530,830,1030,2525,1600
Oadby and Wigston,E07000135,765,715,595,615,650,530,665,610,490,830,1090,875,980,935,750,470,365,305,270,420,515,1490,1000
Boston,E07000136,915,715,635,535,465,590,780,840,700,1090,1455,1265,1490,1295,1030,785,645,600,625,855,1170,2655,2175
East Lindsey,E07000137,3095,2500,2315,2170,1955,1935,2000,2245,1995,2945,3490,3365,3585,3535,2975,2260,1825,1855,2045,2510,3180,5195,3495
Lincoln,E07000138,2415,1965,1730,1650,1520,1410,1740,1835,1575,2520,3265,2900,3240,3325,2730,1865,1605,1530,1640,2215,2485,4225,3205
North Kesteven,E07000139,990,835,775,755,645,625,765,800,705,1200,1605,1370,1540,1405,1105,710,645,665,640,780,1155,2445,1590
South Holland,E07000140,795,605,655,550,605,675,830,960,730,1310,1785,1520,1625,1450,1125,760,620,585,655,800,1215,2775,1950
South Kesteven,E07000141,1385,1320,1210,1025,850,955,1155,1195,1055,2095,2735,2145,2340,2155,1785,1130,1050,1060,1230,1770,2055,3990,2780
West Lindsey,E07000142,1530,1430,1305,1195,1060,1000,1140,1270,1065,1585,2005,1895,2210,2130,1870,1425,1230,1060,1105,1370,1655,2785,1935
Ashfield,E07000170,2835,2505,2210,1840,1585,1570,1660,1765,1485,2585,3360,2930,3420,3230,2500,1795,1530,1490,1620,1660,2515,4465,3355
Bassetlaw,E07000171,2525,2395,2320,1720,1455,1350,1475,1480,1230,2090,2525,2180,2630,2345,2025,1395,1110,1170,1170,1695,1965,3420,2465
Broxtowe,E07000172,1720,1475,1335,1325,1130,1025,1085,1260,1005,1950,2450,2150,2610,2255,1630,1065,965,985,1080,1140,1530,2975,1950
Gedling,E07000173,1870,1650,1370,1335,1130,1065,1160,1285,1140,1935,2550,2340,2735,2505,1840,1300,1040,1085,1105,1210,1755,3420,2350
Mansfield,E07000174,2435,2370,1935,1635,1460,1425,1570,1595,1440,2260,2890,2450,3000,2945,2455,1705,1430,1290,1425,1535,2185,3820,2920
Newark and Sherwood,E07000175,1705,1670,1325,1180,1075,1005,1105,1200,855,1685,2005,1805,1985,2065,1605,1115,955,935,990,1185,1680,3295,2415
Rushcliffe,E07000176,1200,885,815,805,700,615,650,760,560,1195,1485,1415,1575,1325,1040,725,600,575,645,600,1010,2235,1425
North Northamptonshire,E06000061,3720,3580,3325,3285,3650,3270,3665,4175,3585,7140,8295,6890,7860,8020,5595,3530,3370,2955,3580,4305,5340,11150,7630
West Northamptonshire,E06000062,4140,3990,4080,3900,3905,3205,4145,4455,3835,6955,9480,7250,7710,7630,5770,3945,3405,3395,3715,3900,5580,13110,9255
"Herefordshire, County of",E06000019,2480,2040,1895,1875,1725,1575,1765,1635,1515,2545,3025,2650,3020,2725,1995,1115,990,1170,1170,1630,2010,4435,2920
Shropshire,E06000051,3340,3310,2870,2600,2430,2220,2550,2750,2425,4140,5240,4930,5200,4855,3880,2480,1990,1915,2220,3080,3825,8255,5485
Stoke-on-Trent,E06000021,5820,5485,5450,4980,4495,4000,4925,5110,4615,7435,9055,7960,8720,8415,6590,3785,3420,3370,3990,5240,7015,12355,9520
Telford and Wrekin,E06000020,2545,2490,2530,2190,2020,1845,2235,2490,2150,3965,4825,4265,4720,4575,3435,2050,1590,1755,1930,2060,3295,6510,4675
Cannock Chase,E07000192,1565,1475,1320,1320,940,1130,1365,1395,1210,2585,3090,2430,2475,2250,1550,875,745,760,825,945,1570,3325,2210
East Staffordshire,E07000193,2025,1675,1370,1250,1245,945,1090,1155,950,2185,2535,1935,2155,1985,1315,895,645,655,760,880,1575,3640,2475
Lichfield,E07000194,1115,1085,970,1000,875,850,960,835,765,1635,1915,1545,1625,1380,860,445,400,415,485,895,1235,2645,1725
Newcastle-under-Lyme,E07000195,1760,1595,1730,1410,1315,1040,1250,1365,1375,2400,2980,2520,2600,2305,1860,1030,980,965,1115,1180,1850,3655,2495
South Staffordshire,E07000196,1520,1445,1330,1230,1525,935,1115,1145,995,1730,2185,1770,1895,1735,1295,865,695,715,835,950,1275,2910,2050
Stafford,E07000197,1625,1640,1500,1390,1335,1200,1365,1455,1070,1910,2210,1930,1915,1905,1315,730,610,655,755,890,1545,3280,2270
Staffordshire Moorlands,E07000198,1250,1100,1235,1055,895,780,735,750,735,1445,1605,1330,1425,1315,920,515,480,480,575,670,895,2085,1300
Tamworth,E07000199,1525,1305,1215,1020,1090,870,1130,1075,915,1855,2445,1850,1870,1635,940,350,410,470,555,1060,1410,2780,1955
North Warwickshire,E07000218,830,755,630,605,620,560,700,720,610,1265,1590,1125,1095,970,665,390,400,410,425,595,765,1905,1220
Nuneaton and Bedworth,E07000219,1845,1615,1405,1540,1610,1465,1845,2205,1870,3145,3865,3145,3145,2940,2565,1625,1415,1385,1525,2220,2670,4895,3605
Rugby,E07000220,1100,980,955,1065,1015,855,985,1045,1055,1645,2150,1725,1570,1395,1070,800,675,965,1305,1325,1495,2990,2110
Stratford-on-Avon,E07000221,885,750,720,720,780,740,865,950,720,1300,1600,1125,1180,940,635,380,305,295,615,815,995,2855,1980
Warwick,E07000222,1515,1385,1270,1330,1255,1065,1280,1540,1290,2130,2615,2115,2065,1725,1230,630,575,600,680,860,1455,3505,2385
Birmingham,E08000025,36945,34315,30835,31135,31435,30860,35075,37125,32855,42185,51720,47180,52340,48760,41950,31605,29005,30575,31170,40440,47985,80815,65935
Coventry,E08000026,6715,6015,6070,6665,6315,5635,6725,8040,6570,9010,11530,10105,10510,9685,7910,4945,4300,4260,4165,5195,7525,16195,12285
Dudley,E08000027,7055,6955,6255,6090,5880,5295,6655,6780,5590,8445,11195,9775,10370,10340,8270,6005,5375,5675,6460,7555,8155,14065,10365
Sandwell,E08000028,9405,8710,7990,7815,7910,7120,8540,9045,7435,10790,13970,12870,13885,13715,11075,7565,6625,7040,7090,7450,9990,19250,14560
Solihull,E08000029,3025,2940,2375,2455,2535,2120,2615,2835,2475,4225,5515,4650,4940,4295,3355,2275,2020,2255,2585,3125,3565,7390,4900
Walsall,E08000030,6565,6195,5845,5520,5725,5065,6310,7120,5740,9000,11250,10150,10820,10265,8255,5265,4460,4815,4870,5915,7970,14665,10950
Wolverhampton,E08000031,7355,7085,6640,6465,6435,6105,7400,7690,7180,9350,12135,11340,12110,12465,10555,7445,6445,6555,6765,8590,9670,16710,12860
Bromsgrove,E07000234,1250,1165,970,1060,1010,625,920,780,665,1255,1710,1385,1375,1285,975,640,560,575,695,905,1110,2615,1785
Malvern Hills,E07000235,735,530,465,500,450,435,490,575,455,825,1145,1075,1090,950,735,500,420,420,510,580,850,1990,1305
Redditch,E07000236,1425,1400,1115,1105,1075,1100,1485,1235,1020,2165,2575,2205,2170,1930,1545,905,885,880,945,1425,1490,3060,2220
Worcester,E07000237,1420,1230,1120,1205,1130,1080,1235,1535,1295,2110,2730,2310,2525,2180,1815,1190,975,1010,1020,1235,1705,3480,2505
Wychavon,E07000238,1160,1055,895,890,910,855,1085,1120,945,1840,2250,1830,1815,1730,1135,795,675,635,720,840,1260,3165,2255
Wyre Forest,E07000239,1475,1335,1205,1200,1175,1025,1325,1315,1120,2280,2765,2355,2430,2280,1805,1005,745,750,905,1025,1555,3400,2215
Bedford,E06000055,2315,2125,2200,2445,2205,2085,2215,2375,1925,3115,4185,3640,4220,4155,3210,2270,2130,2035,2710,3160,3460,6810,5040
Central Bedfordshire,E06000056,2130,1855,1965,2265,2140,1960,2075,2110,1735,3595,4885,4055,4420,3950,2785,1570,1485,1365,1515,1600,2530,6970,4725
Luton,E06000032,3885,3275,3140,3635,3535,3330,3780,4075,3110,4585,6335,5535,6395,5650,4385,2930,2600,2490,2520,2725,4325,11315,9145
Peterborough,E06000031,2870,2235,2310,2190,2110,2525,2730,3250,2970,4250,5780,5080,5840,6320,4555,2500,1715,1635,1850,3420,4350,9350,7245
Southend-on-Sea,E06000033,3950,3345,3165,2925,2785,2560,2955,3225,2545,3915,5175,4800,5535,4995,4020,2515,2130,2250,2730,3820,4105,8475,5860
Thurrock,E06000034,2475,2055,2095,1820,2045,2050,2245,2400,2095,3260,4445,4025,4375,4210,3315,2235,2035,2015,1855,2760,3295,7410,4725
Cambridge,E07000008,1640,1260,1235,1225,1195,1210,1340,1440,1215,1485,1915,1725,1780,1675,1235,755,735,745,705,855,1400,3395,2230
East Cambridgeshire,E07000009,705,590,585,655,590,520,610,620,500,965,1210,1005,1180,1160,835,430,415,295,370,465,660,1735,1205
Fenland,E07000010,1335,1010,890,840,875,1070,1195,1250,1130,1805,2350,1990,2220,2160,1520,800,675,575,685,1075,1670,3415,2540
Huntingdonshire,E07000011,1540,1145,1045,1210,1190,1090,1200,1425,1125,2210,2765,2260,2580,2430,1600,870,700,670,805,930,1575,4000,2640
South Cambridgeshire,E07000012,785,585,645,715,690,720,730,760,645,1180,1590,1325,1345,1340,885,535,495,440,470,555,1020,2965,1875
Basildon,E07000066,2505,2150,2295,2025,1990,1970,2425,2395,1940,3430,4755,4130,4555,4715,3610,2330,1965,1980,1915,3020,3395,7515,4730
Braintree,E07000067,1395,1225,1315,1230,1260,1225,1435,1395,1280,2385,3135,2720,2695,2690,1870,1265,1060,1030,1020,1540,1975,4585,2860
Brentwood,E07000068,540,385,420,425,400,380,395,405,365,745,1095,1020,990,890,680,430,305,395,395,650,750,2245,1410
Castle Point,E07000069,1075,880,860,730,725,700,780,775,680,1420,1845,1570,1650,1610,1190,730,675,665,530,770,920,2645,1515
Chelmsford,E07000070,1815,1340,1300,1250,1395,1275,1535,1535,1330,2290,2950,2735,3105,2805,2055,1515,1185,1195,1160,1275,1910,4965,3190
Colchester,E07000071,1845,1470,1330,1460,1420,1310,1700,1775,1715,2940,3550,3245,3480,3175,2410,1485,1475,1355,1380,2015,2510,6000,3980
Epping Forest,E07000072,1550,1165,1160,1310,1185,1025,1095,1225,1045,1820,2485,2095,2355,2215,1740,1085,945,990,975,980,1455,4665,2855
Harlow,E07000073,1390,1075,1095,1180,1065,1075,1265,1510,1350,2090,2655,2365,2590,2435,1970,1250,1020,1015,1200,1805,1940,4255,3030
Maldon,E07000074,620,585,485,480,485,435,545,600,465,865,1120,920,955,890,680,420,365,355,385,350,620,1730,1150
Rochford,E07000075,855,725,700,665,590,515,595,580,470,980,1270,1065,1185,1140,875,525,480,435,425,615,795,2155,1310
Tendring,E07000076,2510,2105,1910,1990,1840,1705,2020,2195,2210,3205,3890,3745,3870,3500,2925,2245,2220,2220,2210,2890,3440,6170,4275
Uttlesford,E07000077,375,275,315,370,345,340,370,385,310,620,940,805,835,745,525,335,255,265,275,465,615,2045,1140
Broxbourne,E07000095,1010,895,825,860,930,910,1030,975,815,1440,2065,1950,2135,1960,1430,885,730,735,785,1150,1400,3820,2430
Dacorum,E07000096,1170,1060,1160,1385,1420,1355,1595,1660,1175,2105,2750,2250,2405,2105,1670,1295,1060,1050,1140,1025,1695,4690,3055
East Hertfordshire,E07000242,845,605,650,735,705,660,790,840,690,1400,1960,1670,1810,1685,1245,780,635,650,640,710,1120,3630,2110
Hertsmere,E07000098,845,695,745,875,935,915,1000,940,765,1300,1880,1640,1535,1555,1180,830,780,770,785,935,1290,3580,2230
North Hertfordshire,E07000099,1120,795,830,920,1015,990,960,1065,875,1675,2380,1900,2015,2025,1485,1015,935,930,945,1020,1345,3440,2235
St Albans,E07000240,840,540,695,810,820,750,800,820,645,1240,1785,1460,1660,1485,1060,740,635,705,840,1150,1405,3355,2200
Stevenage,E07000243,1105,935,900,940,910,940,1005,1165,935,1525,2205,2030,2345,2240,1765,1165,915,855,935,990,1385,3170,2250
Three Rivers,E07000102,690,610,605,665,590,585,645,580,470,875,1345,1120,1170,1045,775,540,505,500,535,800,920,2565,1420
Watford,E07000103,1045,785,880,950,920,925,1050,985,735,1270,1895,1670,1875,1765,1315,905,855,830,885,1410,1555,4195,2455
Welwyn Hatfield,E07000241,795,660,730,920,895,920,890,1045,900,1420,2095,1715,1920,1720,1355,975,900,855,950,1310,1530,3590,2470
Breckland,E07000143,1585,1200,1055,975,960,1140,1360,1525,1255,2190,2635,2235,2380,2285,1745,1015,840,860,875,1110,1545,3375,2240
Broadland,E07000144,1230,995,855,805,775,835,910,960,775,1345,1670,1475,1500,1445,1065,615,505,535,530,655,1065,2580,1690
Great Yarmouth,E07000145,4230,3645,3120,2845,2895,3075,3080,2935,2570,3280,3880,3800,4115,4070,3355,2160,2005,2625,3015,3105,3085,4905,3630
King's Lynn and West Norfolk,E07000146,2190,1695,1405,1565,1515,1610,1835,1775,1640,2540,3110,2730,2985,2870,2385,1270,905,845,920,1070,1995,4170,2650
North Norfolk,E07000147,1590,1295,1085,1060,995,955,1095,1245,1030,1655,1965,1730,1695,1620,1215,725,585,560,540,565,1030,2400,1705
Norwich,E07000148,3815,3215,2675,2540,2495,2710,2970,3020,2590,3565,4640,4205,4665,4495,3365,2160,1675,1605,1605,2015,3140,6065,4390
South Norfolk,E07000149,1275,960,880,820,770,775,975,1015,835,1410,1830,1495,1675,1615,1195,760,605,605,650,825,1270,2895,2025
Babergh,E07000200,875,720,710,735,730,585,635,695,570,1160,1345,1145,1310,1280,860,515,420,425,450,785,965,2360,1475
Ipswich,E07000202,2630,2175,2315,2640,2600,2025,2350,2495,2145,3335,3960,3730,4430,3930,3140,2140,1765,1725,1770,2480,3195,6185,4610
Mid Suffolk,E07000203,710,650,630,640,635,550,595,640,580,1080,1235,1090,1205,1135,850,550,440,450,455,715,895,2145,1375
East Suffolk,E07000244,4530,3725,3305,3210,3405,2985,3130,3445,2705,4005,4590,4640,4845,4475,3165,1995,1880,2480,2900,3145,3775,6910,4740
West Suffolk,E07000245,1530,1260,1220,1210,1105,1085,1210,1440,1295,2425,2810,2440,2650,2580,1775,1130,990,980,1230,1515,1990,4380,2725
Camden,E09000007,7290,5790,6000,6010,5920,5425,5585,4905,3890,4640,5980,5415,5580,5025,3890,2870,2690,2665,2735,3105,4130,11070,8080
City of London,E09000001,90,80,100,100,110,125,140,115,115,125,160,135,120,110,90,70,60,55,65,65,80,260,335
Hackney,E09000012,10355,8510,7880,8305,8160,7585,7935,7815,6590,7325,9875,10215,11020,9930,7830,5645,4820,4685,4895,5690,7395,18635,12605
Hammersmith and Fulham,E09000013,5165,4285,4425,4735,4595,3960,3955,3890,3170,4040,5310,5030,5125,4795,4035,3160,2965,3100,4105,4300,4525,10680,7300
Haringey,E09000014,10650,8515,7560,7775,7675,7480,8530,7955,6530,7640,9730,9950,10435,9560,7850,5580,4590,4615,4480,4980,6745,20485,14460
Islington,E09000019,8395,6745,6645,6395,6435,5995,6300,5640,4905,5815,7915,7070,7280,6855,5480,3965,3420,3585,3705,4760,5615,13535,9190
Kensington and Chelsea,E09000020,3620,3005,2895,3085,2990,2620,2775,2550,2075,2615,3610,3490,3250,2960,2280,1795,1630,1570,1840,1995,2295,6255,4305
Lambeth,E09000022,12075,10380,10890,10810,10495,9785,9650,8800,7205,8470,11605,11135,12190,11665,9280,6760,5800,5520,5970,7530,8730,21370,14455
Lewisham,E09000023,9355,8160,8225,8280,8050,7635,7775,7135,5705,7140,9400,9470,10790,10045,7670,5765,5115,4990,5280,6345,8055,20000,13905
Newham,E09000025,9505,7990,7640,7795,7240,6915,7960,7950,6755,7975,10195,10445,11670,11030,8190,5765,4440,4455,4580,5680,7750,25985,18820
Southwark,E09000028,10480,9235,9365,9665,9660,9045,8805,7915,6395,7445,9895,10165,11105,10675,8315,6140,5090,5545,7155,8010,8275,20195,13590
Tower Hamlets,E09000030,9015,8345,8285,8235,8465,7640,8000,8375,7585,8620,10340,10170,11155,10665,7705,5500,4970,4665,6145,7010,8010,20950,14475
Wandsworth,E09000032,6015,5100,5805,5700,5505,5285,5405,4795,3755,4840,6810,6190,6610,6310,4995,3615,3275,3100,3300,3890,4830,13990,8985
Westminster,E09000033,5680,4540,4625,4610,4320,3885,4235,3805,3265,3890,5395,5075,5295,4675,3595,2710,2475,2515,2520,3055,3785,10615,7485
Barking and Dagenham,E09000002,3450,3000,3005,3125,3485,3905,4225,4065,3670,5025,6425,6575,7500,7235,5195,3590,3190,3190,3170,4325,5445,13985,9865
Barnet,E09000003,5380,4585,5060,5695,5630,5150,5510,4995,3740,5245,7115,6470,7050,6580,5165,3890,3575,3555,3490,4540,6315,18025,12690
Bexley,E09000004,3355,2770,2635,2745,2940,2785,3100,2930,2185,3835,4845,4335,4820,4480,3225,2215,1875,2035,2165,2175,3205,8645,5285
Brent,E09000005,8275,6855,7780,8280,8240,7810,7575,7475,5950,7020,9375,9035,9760,9770,7785,5800,5450,5010,4820,5105,7280,22800,16145
Bromley,E09000006,3980,3315,3725,3825,3930,3760,4100,3500,2920,4745,5930,5285,6155,5590,4110,2655,2165,2290,2280,2990,4050,11145,6905
Croydon,E09000008,7175,6070,6410,6420,6180,5780,6480,6020,5010,6905,9635,9555,10940,9985,7295,4895,5020,6815,8690,9395,10440,22600,16100
Ealing,E09000009,6400,5290,6065,6285,6050,5670,6020,6050,4880,6690,9555,8340,9150,8685,7200,5220,4860,4840,4970,6455,7735,21515,15255
Enfield,E09000010,6910,5735,5495,5715,6065,5975,6665,6540,5365,6925,9370,9355,10550,10145,7700,5410,4410,4585,4490,5905,7285,19235,14065
Greenwich,E09000011,7380,6160,6170,5980,6050,5810,6050,5545,4360,6090,7440,7300,8230,7920,6000,4250,3970,3955,4055,4270,6060,15840,11000
Harrow,E09000015,3115,2420,2740,2940,3170,3005,3135,3040,2265,3280,4650,3935,4255,3710,2955,2255,1800,1860,1780,2295,3235,10945,7395
Havering,E09000016,3195,2555,2440,2505,2430,2345,2640,2630,2290,3990,5390,4985,5635,5420,3840,2740,2490,2595,2500,3145,3990,10025,6755
Hillingdon,E09000017,2905,2465,2880,3220,3675,3515,3795,3555,2860,4215,6430,4960,5355,4925,3970,2745,2535,2580,2575,2905,4390,14285,8880
Hounslow,E09000018,3010,2150,2780,3350,3275,2985,3515,3360,2740,3925,5620,4915,5230,5025,4010,3210,2865,3895,4800,5600,6315,16440,11125
Kingston upon Thames,E09000021,1535,1260,1390,1700,1660,1620,1505,1315,1080,1675,2445,1960,2060,2010,1565,1270,1115,1180,1305,1710,2170,5795,3560
Merton,E09000024,2910,2360,2720,3015,3020,2930,3185,2865,2120,2905,3980,3450,4045,3760,3075,2315,2070,2215,2360,3040,3605,9600,6280
Redbridge,E09000026,4695,3945,4000,4065,4045,3800,4260,4360,3550,5240,6785,6515,7205,6615,4710,3285,2660,2715,2475,3330,4910,15500,11085
Richmond upon Thames,E09000027,1860,1440,1735,2000,1975,1690,1680,1495,1145,1810,2475,2010,2020,1990,1755,1305,1240,1375,1520,1805,2045,5780,3495
Sutton,E09000029,1945,1610,1765,1950,1940,2085,2355,2070,1700,2605,3770,3280,3660,3420,2520,1770,1590,2280,2685,3020,3100,7190,4300
Waltham Forest,E09000031,6650,5755,5850,6080,6075,6170,6290,6430,5530,6745,8635,8490,9930,9555,7185,5090,4270,4065,3975,4785,6085,18390,12140
Bracknell Forest,E06000036,715,600,810,955,1010,815,855,765,630,1310,2010,1635,1770,1650,1185,705,630,615,580,885,1185,3370,1980
Brighton and Hove,E06000043,7980,6340,5310,5215,4965,5110,5345,5155,4420,6150,7815,6215,6785,6170,4785,3525,2925,2965,3200,4745,5570,13590,9185
Isle of Wight,E06000046,3730,3305,3010,2785,2360,2025,2390,2450,2070,3155,3835,3575,3965,3980,3160,2070,1800,1680,1685,1955,2480,5245,3410
Medway,E06000035,4460,3875,3535,3520,4020,3610,4410,4385,3465,5500,7660,6510,7415,6915,5405,3930,3560,3330,3345,4295,5630,11475,8315
Milton Keynes,E06000042,2430,1955,2230,2430,2800,2505,2775,3225,2945,5385,7540,5875,6495,5475,3955,2815,2350,2325,2600,2525,4110,9890,7150
Portsmouth,E06000044,3920,3225,2850,2815,2545,2550,2870,3090,2905,4495,5615,4875,5410,5205,3945,2740,2130,2110,2365,2825,4340,9730,7115
Reading,E06000038,1950,1660,1695,2175,2075,1955,2265,2195,1710,2755,4195,3635,3795,3650,2415,1610,1460,1620,1650,2460,2930,6820,4795
Slough,E06000039,2040,1835,1840,2385,2435,2310,1975,2195,1580,2260,3555,3130,3390,3485,2765,1630,1330,1340,1225,1920,2700,7890,5530
Southampton,E06000045,4725,3380,3235,3430,3280,2900,3490,3435,3120,5230,6995,5210,5870,5645,4105,2600,2530,2275,3845,4855,5295,11410,8080
West Berkshire,E06000037,795,585,745,935,970,775,1000,970,775,1530,2300,1850,1800,1730,1060,645,535,615,630,1140,1400,3705,2435
Windsor and Maidenhead,E06000040,1125,900,1060,1290,1370,1080,1065,1080,825,1520,2205,1790,1890,1730,1230,780,665,750,675,945,1255,4150,2430
Wokingham,E06000041,670,515,780,1040,975,790,825,735,585,1325,1865,1480,1470,1340,895,575,530,640,525,840,1105,3455,1990
Buckinghamshire,E06000060,3630,3040,3435,3750,4120,3750,3510,3480,2740,5455,7245,6055,6360,6110,4505,2890,2500,2805,2945,3450,5195,14765,9910
Eastbourne,E07000061,1605,1330,1300,1265,1280,1215,1465,1485,1295,1990,2380,1970,2370,2210,1890,1345,1125,1115,1200,1875,2155,4385,3285
Hastings,E07000062,2380,2150,1995,1885,2010,1610,1815,2010,1860,2600,3495,3205,3490,3330,2440,1805,1480,1390,2415,2690,2720,4995,3775
Lewes,E07000063,1150,940,885,925,905,855,935,895,780,1415,1650,1340,1520,1385,1105,835,675,675,710,930,1330,3165,2160
Rother,E07000064,1075,865,775,765,800,710,825,880,850,1240,1615,1440,1520,1490,1110,765,610,625,990,1240,1365,2870,1975
Wealden,E07000065,845,685,695,720,750,695,845,735,610,1310,1635,1205,1425,1300,985,660,630,585,605,975,1300,3750,2400
Basingstoke and Deane,E07000084,980,670,925,1005,1030,885,1145,1180,970,1855,2950,2335,2365,2230,1505,900,820,875,1025,1425,1805,4625,3175
East Hampshire,E07000085,830,640,620,685,670,630,670,655,520,1090,1450,1075,1110,1100,775,470,465,425,420,495,805,2560,1610
Eastleigh,E07000086,900,610,630,710,690,695,930,920,800,1650,2095,1525,1730,1465,985,645,575,520,780,1000,1180,3020,1890
Fareham,E07000087,865,645,660,640,620,630,800,790,505,1100,1450,1165,1270,1200,785,525,475,390,535,525,795,2410,1410
Gosport,E07000088,1375,810,700,610,530,625,795,780,665,1345,1685,1440,1710,1575,1100,765,620,600,750,770,1165,2740,1990
Hart,E07000089,360,280,320,415,440,390,395,370,315,645,1050,730,745,670,475,270,250,270,305,270,480,1830,1070
Havant,E07000090,1950,1565,1405,1470,1405,1275,1530,1565,1385,2345,2670,2190,2705,2525,1930,1350,1160,1090,1195,1265,1810,4355,2935
New Forest,E07000091,1525,1105,1190,1040,1000,805,985,1005,785,1710,2640,1880,2000,1945,1355,910,710,665,835,1120,1440,3840,2320
Rushmoor,E07000092,795,545,585,725,790,680,810,810,650,1340,1960,1630,1685,1615,1040,615,590,565,560,620,985,2915,2100
Test Valley,E07000093,760,500,515,635,605,540,620,625,510,1065,1475,1140,1190,1140,825,480,445,445,500,745,1000,2595,1640
Winchester,E07000094,655,455,545,575,585,570,680,690,505,910,1285,910,990,930,675,390,430,385,475,680,910,2655,1700
Ashford,E07000105,1210,985,965,1005,930,840,1055,985,815,1475,2025,1905,2035,1935,1515,1040,1035,1175,1320,1760,2110,4515,3010
Canterbury,E07000106,2165,1845,1475,1470,1410,1265,1570,1495,1200,1985,2555,2175,2580,2365,1820,1140,1115,1325,1405,1905,2365,5045,3480
Dartford,E07000107,1160,860,870,865,1050,985,1145,1025,820,1385,2150,1920,1975,1825,1360,865,720,745,765,950,1555,3840,2400
Dover,E07000108,2340,1920,1560,1500,1595,1485,1800,1705,1290,2050,2525,2275,2735,2680,2145,1545,1300,1420,1985,2410,2465,4460,3065
Gravesham,E07000109,1835,1655,1455,1500,1510,1370,1715,1580,1380,2125,2695,2415,2845,2565,1990,1395,1280,1290,1370,1650,2230,4705,3130
Maidstone,E07000110,1515,1155,1150,1185,1230,1120,1310,1310,975,1775,2645,2265,2610,2535,1900,1255,1150,1210,1260,1320,2185,5140,3730
Sevenoaks,E07000111,880,735,710,695,725,655,725,715,520,1080,1515,1240,1390,1240,890,635,540,505,530,610,940,2785,1705
Folkestone and Hythe,E07000112,2235,1835,1480,1470,1520,1505,1735,1850,1445,2160,2750,2560,2835,2810,2150,1595,1370,1395,1510,1945,2440,4735,3295
Swale,E07000113,2460,2055,1850,1940,1680,1630,2105,2060,1665,2745,3410,3140,3625,3515,2775,1900,1850,1955,2010,2755,3205,5795,4135
Thanet,E07000114,3740,3285,2940,2775,2665,2405,2830,2615,2140,3410,4370,4285,4895,4920,4245,2895,2610,2775,3420,4230,4490,7920,5825
Tonbridge and Malling,E07000115,885,785,720,725,765,700,805,810,640,1185,1685,1350,1585,1510,1110,775,720,725,780,740,1205,3175,1945
Tunbridge Wells,E07000116,885,645,645,720,740,675,710,630,560,1075,1345,1065,1190,1010,740,515,500,560,670,615,1090,3065,1925
Cherwell,E07000177,790,675,650,710,875,805,930,985,830,1705,2095,1625,1700,1410,900,600,465,505,560,1045,1355,3775,2320
Oxford,E07000178,1865,1710,1485,1550,1640,1590,1535,1675,1390,2210,2950,2635,2750,2435,1700,1000,950,975,1105,1735,2085,4620,3200
South Oxfordshire,E07000179,675,600,590,735,730,660,650,695,540,1175,1555,1235,1235,1085,730,440,375,400,485,840,1030,2800,1835
Vale of White Horse,E07000180,610,545,520,570,620,475,470,560,415,1030,1490,1205,1235,1005,765,455,440,420,570,920,1040,2650,1820
West Oxfordshire,E07000181,410,330,330,470,465,345,335,430,370,790,1070,830,930,910,670,445,390,365,405,700,905,2305,1490
Elmbridge,E07000207,700,540,645,775,855,670,650,580,460,950,1580,1245,1210,1150,770,435,390,440,530,540,920,3115,1850
Epsom and Ewell,E07000208,445,295,375,460,440,365,445,405,340,640,945,775,780,795,565,315,285,335,370,415,550,1815,1055
Guildford,E07000209,780,600,675,795,1005,830,880,815,680,1265,1880,1655,1615,1450,925,655,530,520,570,605,970,3115,1910
Mole Valley,E07000210,340,240,330,380,385,325,335,360,260,590,940,705,755,710,510,335,270,280,290,310,535,1840,1100
Reigate and Banstead,E07000211,635,440,535,610,710,660,740,690,630,1285,1960,1650,1750,1590,1235,770,680,695,730,775,1135,3830,2325
Runnymede,E07000212,520,340,395,470,515,470,515,500,360,685,1090,875,910,810,595,330,345,345,390,395,715,2460,1475
Spelthorne,E07000213,695,525,580,645,710,750,850,735,645,1015,1595,1365,1375,1225,870,550,500,605,575,555,985,3435,2105
Surrey Heath,E07000214,355,230,370,455,480,405,440,440,325,755,1190,955,1015,890,660,345,255,315,370,305,545,2140,1225
Tandridge,E07000215,455,330,375,385,420,375,400,365,335,740,990,930,925,880,595,425,375,390,490,545,715,2250,1285
Waverley,E07000216,635,500,530,585,640,585,575,500,410,905,1330,1065,1085,1040,625,455,375,365,380,445,690,2350,1410
Woking,E07000217,390,295,485,565,660,585,670,625,505,990,1425,1225,1120,1060,755,475,370,405,420,485,745,2685,1620
Adur,E07000223,590,460,435,495,510,455,555,525,475,995,1275,1040,1070,990,685,465,450,430,520,680,825,2170,1285
Arun,E07000224,1395,1110,1170,1000,1035,1040,1350,1370,1235,2300,2850,2310,2550,2360,1690,1180,980,1020,1180,1555,2035,4925,3460
Chichester,E07000225,985,780,780,720,835,745,910,825,720,1295,1690,1400,1480,1460,1050,735,625,650,700,895,1270,3275,2340
Crawley,E07000226,960,770,920,945,1015,950,995,995,875,2000,2735,2285,2280,1980,1495,995,955,945,950,1370,1860,5990,3545
Horsham,E07000227,745,565,740,745,850,665,820,800,650,1345,1890,1475,1490,1265,895,595,480,550,625,875,1130,3290,1940
Mid Sussex,E07000228,710,565,670,595,705,680,715,650,535,1295,1690,1280,1155,985,710,475,410,430,430,690,950,3170,1720
Worthing,E07000229,1055,700,675,730,745,695,875,855,855,1685,2365,1875,1990,1845,1275,820,700,805,920,1220,1600,3765,2540
Bath and North East Somerset,E06000022,1775,1300,1245,1195,1195,1005,1135,1170,980,1755,2510,2140,2470,2330,1825,1205,1075,1450,1970,2080,2140,4740,3025
"Bristol, City of",E06000023,8685,7345,6770,6175,5840,5480,5970,6515,4965,8170,11170,10815,12950,12035,9195,6080,5070,5220,5165,6345,8320,18725,12830
Cornwall,E06000052,12390,10345,8530,7820,7150,6245,6290,6635,5245,8990,10315,9790,10785,10610,7545,5075,4875,4955,4555,7070,8395,18085,11400
Isles of Scilly,E06000053,20,25,20,20,20,15,15,15,10,10,5,10,10,20,5,5,5,10,5,5,10,60,30
North Somerset,E06000024,2005,1540,1525,1480,1410,1190,1315,1450,1145,2365,3375,2755,3360,3465,2375,1460,1285,1235,1725,2295,2655,5600,3585
Plymouth,E06000026,5965,4255,4220,4145,3720,3555,3635,3785,3310,5325,6675,6440,6945,6135,4610,3480,3565,3575,3545,5220,5510,9705,6645
South Gloucestershire,E06000025,1955,1635,1650,1635,1580,1360,1505,1675,1200,2705,3725,3270,3850,3590,2610,1720,1505,1500,1510,1690,2430,6290,3835
Swindon,E06000030,2300,1795,2085,2395,2280,2155,2315,2405,1795,4350,5685,4455,5145,4215,3600,2050,1895,1735,2795,3085,3255,7775,5540
Torbay,E06000027,3245,2420,3080,2685,2165,2010,2150,2330,1825,3225,3710,3645,3920,3585,2835,1900,1695,1610,1730,1995,2475,5310,3210
Wiltshire,E06000054,3410,2970,2610,2985,2480,2235,2530,2755,2350,5255,7365,5740,6280,5735,4420,2685,2440,2640,3455,4390,4950,11470,7695
East Devon,E07000040,1430,1080,1000,915,810,705,705,775,665,1270,1485,1350,1495,1285,955,605,645,650,695,825,1185,3145,1880
Exeter,E07000041,1980,1580,1495,1380,1230,1050,1115,1235,1005,1830,2215,2030,2310,1975,1470,835,770,935,860,1000,1385,3460,2155
Mid Devon,E07000042,805,680,620,580,525,460,515,600,485,920,980,865,995,925,650,410,365,460,435,585,775,1755,1140
North Devon,E07000043,1790,1705,1505,1285,1190,1100,1110,1055,870,1475,1445,1315,1580,1425,930,545,605,580,605,945,1105,2860,1750
South Hams,E07000044,1065,805,760,705,645,570,510,550,480,915,1005,865,955,780,595,315,355,320,385,565,700,2025,1255
Teignbridge,E07000045,1660,1200,1270,1255,1030,930,920,1030,755,1565,1845,1545,1750,1605,1170,715,685,720,715,875,1295,3325,2095
Torridge,E07000046,1200,1115,1000,840,1050,805,795,850,690,1150,1160,1120,1220,1215,900,615,560,495,485,710,875,1900,1115
West Devon,E07000047,535,435,400,380,350,285,295,370,275,485,575,575,670,610,390,230,235,250,265,365,455,1255,755
"Bournemouth, Christchurch and Poole",E06000058,5385,4305,3600,3160,2830,2760,3080,3360,2680,5555,7390,6410,6560,6195,5175,3475,3050,3365,3450,5390,6085,14560,9470
Dorset,E06000059,3335,2715,2345,2160,2165,1995,2250,2330,1810,3485,4780,3965,4160,3655,2845,1920,1815,1860,2010,3170,3690,8920,5800
Cheltenham,E07000078,1685,1545,1370,1315,1325,1305,1515,1550,1295,2225,2810,2085,2470,2425,1745,960,780,760,690,1240,1560,3575,2230
Cotswold,E07000079,490,400,495,510,525,390,520,500,360,785,1075,775,805,760,570,350,320,345,335,620,710,1760,1155
Forest of Dean,E07000080,1205,1115,1035,1090,865,745,835,880,755,1475,1705,1320,1500,1330,1040,655,650,620,620,1025,1135,2245,1385
Gloucester,E07000081,2365,2090,1855,1850,1670,1595,1690,1590,1425,2580,3280,2650,3200,3200,2530,1695,1320,1320,1240,1890,2285,4640,3100
Stroud,E07000082,1275,1130,1110,1040,955,855,950,800,715,1370,1950,1425,1505,1475,1075,615,535,490,580,800,1065,2590,1490
Tewkesbury,E07000083,800,695,705,655,630,555,660,640,600,1070,1380,1035,1185,1115,925,580,505,485,430,730,960,2065,1310
Mendip,E07000187,1355,1090,1060,970,910,790,750,810,695,1450,1730,1435,1605,1225,970,670,595,890,1350,1565,1585,3370,2320
Sedgemoor,E07000188,1565,1350,1120,1100,1135,930,855,1110,985,1815,2225,2000,2280,2075,1850,1185,1130,1485,1860,1950,2055,3590,2295
South Somerset,E07000189,1330,1050,1060,985,940,925,930,1080,785,1555,1955,1705,1920,1680,1255,720,845,890,1480,1730,1830,4135,2705
Somerset West and Taunton,E07000246,2145,1660,1295,1340,1195,1085,1025,1145,980,1710,2265,1985,2195,2145,1600,1045,1000,1045,1720,1785,1910,3915,2435
Isle of Anglesey,W06000001,2175,2055,1910,1650,1430,1435,1415,1350,1225,1550,2145,1900,1945,2045,1765,1310,1330,1140,1010,880,1255,2310,1595
Gwynedd,W06000002,3745,3355,2955,2510,2105,2035,1905,1885,1695,2385,2710,2505,2680,2720,2470,1770,1590,1515,1405,1380,1915,3930,2555
Conwy,W06000003,2640,2180,1990,1710,1490,1365,1570,1580,1695,2335,2865,2530,2845,2810,2465,1705,1650,1450,1360,1900,2285,4285,2900
Denbighshire,W06000004,1960,1720,1450,1390,1215,1210,1305,1430,1465,2185,2600,2355,2580,2555,2070,1490,1365,1190,1140,1640,1995,3470,2430
Flintshire,W06000005,2430,2270,2040,1870,1735,1640,1865,1870,1670,2950,3625,3125,3350,3140,2630,1850,1530,1500,1830,2300,2570,4820,3365
Wrexham,W06000006,2000,2010,1705,1805,1510,1395,1695,1605,1615,2795,3715,3080,3560,3535,3045,2120,1700,1495,1545,2320,2650,4790,3240
Powys,W06000023,1980,1765,1535,1280,1370,1235,1395,1305,1145,1850,2110,1825,2120,2010,1405,1040,870,800,725,850,1365,3235,2125
Ceredigion,W06000008,1320,1220,985,995,800,685,745,670,610,885,1030,990,1075,1000,820,610,555,525,560,515,820,1855,1355
Pembrokeshire,W06000009,3685,2945,2525,2635,2505,2030,1825,1385,1160,2200,2705,2615,2820,2665,2315,1970,1850,1730,1585,1825,2180,3950,2875
Carmarthenshire,W06000010,3585,3280,2820,2735,2385,1985,2290,2540,2120,3295,3780,3515,3720,3625,3055,2120,2075,2085,1910,2110,3025,5510,3760
Swansea,W06000011,5225,5145,4345,4145,3890,3300,3805,3465,3000,4885,5975,5215,5635,5265,4675,3505,3455,3240,3190,4960,5185,8405,6110
Neath Port Talbot,W06000012,3190,3090,2605,2560,2345,2245,2295,2355,1980,3260,3720,3165,3450,3470,3045,2200,2160,2075,2140,2870,2970,4700,3230
Bridgend,W06000013,2810,2540,2060,2030,1955,1910,2320,2005,1840,3680,3850,3625,3935,3690,2825,2025,1870,1960,1795,2265,2555,4870,3330
Vale of Glamorgan,W06000014,2420,2310,2085,2130,1805,1710,1780,1775,1525,2675,3240,3070,3090,2740,2270,1740,1570,1400,1305,1405,2065,4105,2670
Cardiff,W06000015,6865,6315,5565,5865,5220,4890,5375,4925,4615,7345,9690,9745,10790,10575,8995,6890,5660,5080,4920,6770,8065,15510,10705
Rhondda Cynon Taff,W06000016,4985,4625,3960,3730,3655,3455,4255,3875,3365,6310,7620,6950,7710,7565,5905,4285,3855,3435,3090,3285,4760,8745,5950
Merthyr Tydfil,W06000024,1595,1540,1330,1230,1175,1100,1300,1275,1255,1970,2445,2040,2470,2395,1870,1205,1065,1000,995,1210,1495,2355,1610
Caerphilly,W06000018,3535,3635,3345,3235,2990,3100,3405,3235,3045,5275,6295,5440,6210,6255,5065,4025,3665,3125,2885,2995,3495,6405,4625
Blaenau Gwent,W06000019,2130,2010,1880,1830,1610,1680,1835,1885,1890,3060,3475,2990,3415,3525,2790,1945,1700,1525,1225,1405,1665,2740,2100
Torfaen,W06000020,1780,1680,1570,1490,1455,1150,1370,1500,1410,2420,3010,2660,3085,3055,2380,1690,1440,1230,1665,1955,1955,3405,2540
Monmouthshire,W06000021,1195,1050,960,865,775,795,820,765,620,1220,1650,1135,1525,1445,1075,780,665,625,625,780,965,2120,1445
Newport,W06000022,3180,3100,3085,2840,2530,2285,2605,2735,2400,3785,4930,4690,5120,5240,4580,3720,2875,2670,2605,3535,3785,7035,5345
Aberdeen City,S12000033,4225,3115,2460,2690,2825,2615,2290,2015,1705,2175,3370,3510,3545,3065,2355,1635,2755,3605,3295,3010,4015,9470,6360
Aberdeenshire,S12000034,2920,2420,1855,2055,2210,2000,1640,1390,1175,1645,2385,2625,2360,1990,1430,1080,2055,2520,2150,2335,2920,6500,4120
Angus,S12000041,2650,2415,2270,2155,2065,1980,1765,1735,1285,1895,2345,2480,2310,2210,1570,1325,1345,1460,1615,2070,2045,3720,2340
Argyll and Bute,S12000035,2590,2300,2135,1820,1675,1585,1535,1450,1265,1635,1915,2035,2105,1960,1520,1015,950,890,915,1200,1445,2775,1825
Clackmannanshire,S12000005,1570,1235,1250,1155,1165,1070,1005,1005,785,1375,1785,1925,1895,1770,1505,1080,865,880,1215,1295,1350,2030,1375
Dumfries and Galloway,S12000006,4075,3690,3215,2955,2580,2415,2500,2300,2130,2960,3300,3050,3430,3540,2700,1850,1635,1515,1630,2350,2830,4490,3170
Dundee City,S12000042,5475,5010,4905,4850,4120,3825,3775,3680,3375,4310,5260,5540,5550,5605,4600,3530,3160,3250,3370,4330,4435,6755,4815
East Ayrshire,S12000008,4410,4075,4065,3705,3680,3440,3210,2965,2575,3690,4575,4745,4870,4705,3985,2925,2620,2590,2650,3670,3695,5635,4030
East Dunbartonshire,S12000045,1610,1555,1410,1315,1255,1120,1075,1030,890,1360,2010,1950,1905,1650,1150,900,725,760,1075,1140,1215,2455,1575
East Lothian,S12000010,1240,1045,1005,945,1100,985,795,810,680,1330,1985,2045,2205,2040,1680,1185,1020,1350,1765,1800,1750,3285,2100
East Renfrewshire,S12000011,1265,1085,1045,1005,1015,850,785,765,565,960,1515,1465,1425,1365,970,775,630,670,670,745,970,2100,1260
City of Edinburgh,S12000036,8995,7450,7035,7270,7535,7130,7025,6790,5435,7675,11105,10690,11650,11005,9105,6365,5175,5090,4660,4865,6910,17475,10425
Na h-Eileanan Siar,S12000013,1140,905,885,750,710,615,515,560,435,580,605,575,555,505,480,380,350,305,275,295,420,730,470
Falkirk,S12000014,3810,3505,3670,3470,3210,2960,2520,2610,2110,3585,4530,4750,4715,4565,3920,2690,2185,2285,2350,3220,3280,5820,3745
Fife,S12000047,9560,9255,9540,9250,8675,8075,8325,7330,6160,8910,10775,10900,10875,10600,8465,6340,5630,5880,5905,8450,8505,14210,9740
Glasgow City,S12000049,22775,20535,18455,17560,17540,15755,15435,15505,13625,18205,24610,25625,24875,24035,19005,15510,13240,13425,13765,14570,19655,35615,25500
Highland,S12000017,6100,6000,5185,4835,4535,3625,3310,3045,2510,3640,4450,4750,4350,4390,3220,2525,2365,2700,3525,3585,3705,7325,4255
Inverclyde,S12000018,2610,2205,1655,2615,2915,2440,2405,2290,1890,2355,2625,2595,3005,2760,2065,1695,1450,1330,2400,2345,2200,2925,2225
Midlothian,S12000019,1175,1095,990,1050,1025,1065,1025,990,820,1370,2085,2105,2175,2185,1700,1025,885,890,1405,1365,1410,2920,1705
Moray,S12000020,2190,1665,1465,1280,1345,1215,1390,1190,1080,1315,1560,1620,1590,1430,1115,865,930,1125,1140,1380,1495,2835,1810
North Ayrshire,S12000021,5140,5015,4800,4785,4350,3930,4060,3740,3260,4440,5670,5540,5730,5850,4825,3680,3580,3385,3285,4535,4475,6605,4475
North Lanarkshire,S12000050,9375,8115,8540,7885,7685,6715,6260,6110,4925,8565,12240,11940,12515,11750,9595,7060,6030,5855,5870,7865,8030,14060,9420
Orkney Islands,S12000023,345,340,275,280,260,200,170,195,125,155,195,235,265,175,145,115,105,130,120,155,190,360,250
Perth and Kinross,S12000048,2310,1975,1835,1830,1685,1620,1570,1505,1090,1750,2310,2415,2385,2105,1800,1200,1090,1075,1065,1500,1815,4065,2520
Renfrewshire,S12000038,4670,4025,4170,4000,3950,3360,3105,2965,2550,3800,5290,5490,5800,5575,4575,3250,2885,2825,3145,3435,3980,6930,4325
Scottish Borders,S12000026,1925,1655,1640,1475,1255,1150,1165,1080,855,1630,2175,2240,2275,2100,1835,1260,1250,1135,1090,1560,1835,3500,2365
Shetland Islands,S12000027,390,265,195,290,240,260,260,170,115,160,185,215,220,215,135,90,125,140,105,155,230,455,280
South Ayrshire,S12000028,3265,3175,2915,2775,2730,2305,2355,2165,1820,2555,3235,3160,3265,3205,2690,2030,1725,1735,1640,2490,2740,4725,3105
South Lanarkshire,S12000029,7120,6300,6295,5995,5625,5025,4990,4825,3815,6500,9875,9405,9585,9275,7370,5515,4405,4365,4980,6695,6830,12195,8040
Stirling,S12000030,1690,1455,1455,1490,1330,1165,1130,1100,895,1580,2020,2150,2050,1890,1565,1085,890,985,1225,1460,1495,2660,1620
West Dunbartonshire,S12000039,3600,3365,3420,3105,2845,2625,2685,2625,2150,3070,3665,3800,3970,3820,3235,2390,2215,2035,2080,2180,2830,4525,3135
West Lothian,S12000040,3750,3100,3585,3190,2800,2510,2505,2685,2320,3735,5215,4570,4710,4635,3480,2280,1915,2010,1940,2920,3260,6175,3725
Antrim and Newtownabbey,N09000001,-,-,-,-,-,-,-,-,-,-,-,-,-,3810,3320,2615,2230,1975,1795,1670,1800,3530,2385
"Armagh City, Banbridge and Craigavon",N09000002,-,-,-,-,-,-,-,-,-,-,-,-,-,6520,5845,4535,3355,2600,2520,2650,2585,5525,3670
Belfast,N09000003,-,-,-,-,-,-,-,-,-,-,-,-,-,16230,14910,12645,9670,8255,6955,6705,6990,13530,10085
Causeway Coast and Glens,N09000004,-,-,-,-,-,-,-,-,-,-,-,-,-,5610,4820,3925,3375,2715,2485,2825,2630,4180,2950
Derry City and Strabane,N09000005,-,-,-,-,-,-,-,-,-,-,-,-,-,8135,7985,7325,6175,5080,4565,4650,4220,6270,4825
Fermanagh and Omagh,N09000006,-,-,-,-,-,-,-,-,-,-,-,-,-,3870,3560,2905,2280,1700,1510,1600,1575,2685,1855
Lisburn and Castlereagh,N09000007,-,-,-,-,-,-,-,-,-,-,-,-,-,3030,2680,2185,1890,1540,1325,1280,1345,3040,1970
Mid and East Antrim,N09000008,-,-,-,-,-,-,-,-,-,-,-,-,-,4190,3540,2930,2375,2175,2010,1950,2380,3765,2850
Mid Ulster,N09000009,-,-,-,-,-,-,-,-,-,-,-,-,-,4090,3720,2655,1935,1490,1390,1555,1555,3460,2200
"Newry, Mourne and Down",N09000010,-,-,-,-,-,-,-,-,-,-,-,-,-,6355,5620,4520,3310,2525,2320,2400,2470,5220,3525
Ards and North Down,N09000011,-,-,-,-,-,-,-,-,-,-,-,-,-,4165,3835,3340,2730,2395,2135,2085,2165,4210,2910
Column Total,Column Total,1191980,1036605,983035,962535,918440,842500,926600,938625,806430,1243065,1597855,1445380,1586865,1581840,1245615,871340,772090,768870,821310,1003670,1215555,2558550,1777485
,,,,,,,,,,,,,,,,,,,,,,,,
,,,,,,,,,,,,,,,,,,,,,,,,
-,These figures are missing.,,,,,,,,,,,,,,,,,,,,,,,
,,,,,,,,,,,,,,,,,,,,,,,,
,This datas may be affected by a geographical definition issue.,,,,,,,,,,,,,,,,,,,,,,,
,For further information see https://www.nomisweb.co.uk/articles/1199.aspx,,,,,,,,,,,,,,,,,,,,,,,
,,,,,,,,,,,,,,,,,,,,,,,,
,,,,,,,,,,,,,,,,,,,,,,,,
,Under Universal Credit a broader span of claimants are required to look for,,,,,,,,,,,,,,,,,,,,,,,
,work than under Jobseeker's Allowance. As Universal Credit Full Service is,,,,,,,,,,,,,,,,,,,,,,,
,"rolled out in particular areas, the number of people recorded as being on the",,,,,,,,,,,,,,,,,,,,,,,
,Claimant Count is therefore likely to rise.,,,,,,,,,,,,,,,,,,,,,,,
,,,,,,,,,,,,,,,,,,,,,,,,
,,,,,,,,,,,,,,,,,,,,,,,,
,This dataset only includes claimant records with information to sufficiently,,,,,,,,,,,,,,,,,,,,,,,
,classify them within the dataset. Totals from this dataset may not tally with,,,,,,,,,,,,,,,,,,,,,,,
,the total number of claim records shown elsewhere as a small number of records,,,,,,,,,,,,,,,,,,,,,,,
,do not have this information.,,,,,,,,,,,,,,,,,,,,,,,
,,,,,,,,,,,,,,,,,,,,,,,,
,,,,,,,,,,,,,,,,,,,,,,,,
,All data are rounded to the nearest 5 and may not precisely add to the sum of,,,,,,,,,,,,,,,,,,,,,,,
,"the number of people claiming JSA, published on Nomis, and the number of",,,,,,,,,,,,,,,,,,,,,,,
,"people claiming Universal Credit required to seek work, published by DWP, due to",,,,,,,,,,,,,,,,,,,,,,,
,independent rounding.,,,,,,,,,,,,,,,,,,,,,,,